metric,value
MAE,13400241.14745474
RMSE,38219623.863722704
R2,0.017163503702123717
